<SubmitObjectsRequest xmlns:xsi="http://www.w3.org/2001/XMLSchema-instance" xmlns:xsd="http://www.w3.org/2001/XMLSchema" xmlns="urn:oasis:names:tc:ebxml-regrep:xsd:lcm:3.0">
  <RegistryObjectList xmlns="urn:oasis:names:tc:ebxml-regrep:xsd:rim:3.0">
    <ExtrinsicObject id="18c8c10f-fc57-4360-b964-9d40b11c2d53" objectType="urn:uuid:7edca82f-054d-47f2-a032-9b2a5b5186c1" status="urn:oasis:names:tc:ebxml-regrep:StatusType:Approved" mimeType="text/xml" isOpaque="false">
      <Slot name="repositoryUniqueId">
        <ValueList>
          <Value>5cf17ecd-a35a-448e-9b0a-e1a4cd416973</Value>
        </ValueList>
      </Slot>
      <Slot name="creationTime">
        <ValueList>
          <Value>20200826091431</Value>
        </ValueList>
      </Slot>
      <Slot name="languageCode">
        <ValueList>
          <Value>en-US</Value>
        </ValueList>
      </Slot>
      <Slot name="sourcePatientId">
        <ValueList>
          <Value>Z5935081^^^&amp;1.2.840.114350.1.13.385.2.7.2.876870&amp;ISO</Value>
        </ValueList>
      </Slot>
      <Slot name="sourcePatientInfo">
        <ValueList>
          <Value>PID-3|e5937052^^^EPIC&amp;1.2.840.114350.1.13.385.2.7.5.737384.0&amp;ISO</Value>
          <Value>PID-5|Galbreath^Joseph^^^^</Value>
          <Value>PID-7|19890903</Value>
          <Value>PID-8|M</Value>
          <Value>PID-11|453 N 2nd St^^cambridge^OH^43725^US</Value>
        </ValueList>
      </Slot>
      <Slot name="URI">
        <ValueList>
          <Value>DOC0001.XML</Value>
        </ValueList>
      </Slot>
      <Slot name="size">
        <ValueList>
          <Value>7152</Value>
        </ValueList>
      </Slot>
      <Slot name="hash">
        <ValueList>
          <Value>c1f15f6232da7aa69da5802ba87beea56c32e1b1</Value>
        </ValueList>
      </Slot>
      <Classification id="de737392-3e26-4c89-b0b5-10da1352a485" objectType="urn:oasis:names:tc:ebxml-regrep:ObjectType:RegistryObject:Classification" classificationScheme="urn:uuid:93606bcf-9494-43ec-9b4e-a7748d1a838d" classifiedObject="18c8c10f-fc57-4360-b964-9d40b11c2d53">
        <Slot name="authorInstitution">
          <ValueList>
            <Value>OhioHealth</Value>
          </ValueList>
        </Slot>
      </Classification>
      <Classification id="834ec11b-4645-4941-a825-193056eff407" objectType="urn:oasis:names:tc:ebxml-regrep:ObjectType:RegistryObject:Classification" classificationScheme="urn:uuid:a09d5840-386c-46f2-b5ad-9c3699a4309d" classifiedObject="18c8c10f-fc57-4360-b964-9d40b11c2d53" nodeRepresentation="urn:epic:mychart:extract:2007">
        <Slot name="codingScheme">
          <ValueList>
            <Value>EPIC</Value>
          </ValueList>
        </Slot>
      </Classification>
      <Classification id="b9d8cce4-89c4-405b-9b25-631f4782c69f" objectType="urn:oasis:names:tc:ebxml-regrep:ObjectType:RegistryObject:Classification" classificationScheme="urn:uuid:f0306f51-975f-434e-a61c-c59651d33983" classifiedObject="18c8c10f-fc57-4360-b964-9d40b11c2d53" nodeRepresentation="34133-9">
        <Slot name="codingScheme">
          <ValueList>
            <Value>LOINC</Value>
          </ValueList>
        </Slot>
      </Classification>
      <Classification id="3ab064a6-6a0f-4cc2-95f5-aa6c8bb52578" objectType="urn:oasis:names:tc:ebxml-regrep:ObjectType:RegistryObject:Classification" classifiedObject="18c8c10f-fc57-4360-b964-9d40b11c2d53" classificationNode="urn:uuid:ab9b591b-83ab-4d03-8f5d-f93b1fb92e85">
        <Name>
          <LocalizedString charset="UTF-8" value="XDSDocumentEntry.limitedMetadata" />
        </Name>
      </Classification>
      <ExternalIdentifier id="de62f315-d811-4f0a-bf33-379309a54fa1" lid="urn:uuid:fb096814-9924-48c9-bc0d-e8985a1a5060" objectType="urn:oasis:names:tc:ebxml-regrep:ObjectType:RegistryObject:ExternalIdentifier" registryObject="18c8c10f-fc57-4360-b964-9d40b11c2d53" identificationScheme="urn:uuid:58a6f841-87b3-4a3e-92fd-a8ffeff98427" value="Z5935081^^^&amp;1.2.840.114350.1.13.385.2.7.2.876870&amp;ISO">
        <Name>
          <LocalizedString charset="UTF-8" value="XDSDocumentEntry.patientId" />
        </Name>
      </ExternalIdentifier>
      <ExternalIdentifier id="43fb07d2-f084-4857-a2ad-f761f215c242" lid="urn:uuid:aa9997c2-e566-4759-ad07-89b19b38ebc8" objectType="urn:oasis:names:tc:ebxml-regrep:ObjectType:RegistryObject:ExternalIdentifier" registryObject="18c8c10f-fc57-4360-b964-9d40b11c2d53" identificationScheme="urn:uuid:2e82c1f6-a085-4c72-9da3-8640a32e42ab" value="1.2.840.114350.1.13.385.2.7.2.876870.Z5935081.637340156711993838.1">
        <Name>
          <LocalizedString charset="UTF-8" value="XDSDocumentEntry.uniqueId" />
        </Name>
      </ExternalIdentifier>
    </ExtrinsicObject>
    <RegistryPackage id="SubmissionSet" lid="urn:uuid:0307a716-f170-4af0-bdc6-0f51ced56b33" objectType="urn:oasis:names:tc:ebxml-regrep:ObjectType:RegistryObject:RegistryPackage" status="urn:oasis:names:tc:ebxml-regrep:StatusType:Submitted">
      <Slot name="submissionTime">
        <ValueList>
          <Value>20200826091431</Value>
        </ValueList>
      </Slot>
      <Name>
        <LocalizedString charset="UTF-8" value="Submission Set" />
      </Name>
      <Classification id="fb2bf876-5695-425c-9084-322bc94538e9" objectType="urn:oasis:names:tc:ebxml-regrep:ObjectType:RegistryObject:Classification" classificationScheme="urn:uuid:a7058bb9-b4e4-4307-ba5b-e3f0ab85e12d" classifiedObject="SubmissionSet">
        <Slot name="authorInstitution">
          <ValueList>
            <Value>OhioHealth</Value>
          </ValueList>
        </Slot>
        <Slot name="authorPerson">
          <ValueList>
            <Value>92.0^Epic - Version 92.0</Value>
          </ValueList>
        </Slot>
      </Classification>
      <ExternalIdentifier id="8de0e59b-8302-43e3-940f-d1bd7b33a22e" lid="urn:uuid:22a2f3ef-358c-4ec1-bd73-e6d799a1ee68" objectType="urn:oasis:names:tc:ebxml-regrep:ObjectType:RegistryObject:ExternalIdentifier" registryObject="SubmissionSet" identificationScheme="urn:uuid:6b5aea1a-874d-4603-a4bc-96a0a7b38446" value="Z5935081^^^&amp;1.2.840.114350.1.13.385.2.7.2.876870&amp;ISO">
        <Name>
          <LocalizedString charset="UTF-8" value="XDSSubmissionSet.patientId" />
        </Name>
      </ExternalIdentifier>
      <ExternalIdentifier id="12bb7add-0007-4ff0-bd9c-90ad2b97565b" lid="urn:uuid:5c33ecea-f1b1-4bd8-87eb-95e1132d0931" objectType="urn:oasis:names:tc:ebxml-regrep:ObjectType:RegistryObject:ExternalIdentifier" registryObject="SubmissionSet" identificationScheme="urn:uuid:554ac39e-e3fe-47fe-b233-965d2a147832" value="1.2.840.114350.1.13.385.2.7.2.876870">
        <Name>
          <LocalizedString charset="UTF-8" value="XDSSubmissionSet.sourceId" />
        </Name>
      </ExternalIdentifier>
      <ExternalIdentifier id="7e451fcd-1d87-4772-aa80-c6f9030e1bf5" lid="urn:uuid:a8c89783-be55-4132-b4b8-4aaa58eb2fb2" objectType="urn:oasis:names:tc:ebxml-regrep:ObjectType:RegistryObject:ExternalIdentifier" registryObject="SubmissionSet" identificationScheme="urn:uuid:96fdda7c-d067-4183-912e-bf5ee74998a8" value="1.2.840.114350.1.13.385.2.7.2.876870.Z5935081.637340156711993838">
        <Name>
          <LocalizedString charset="UTF-8" value="XDSSubmissionSet.uniqueId" />
        </Name>
      </ExternalIdentifier>
    </RegistryPackage>
    <Classification id="63315afd-526f-44f1-999e-b16737072f5f" objectType="urn:oasis:names:tc:ebxml-regrep:ObjectType:RegistryObject:Classification" classifiedObject="SubmissionSet" classificationNode="urn:uuid:a54d6aa5-d40d-43f9-88c5-b4633d873bdd" />
    <Association id="1ddfa190-8e52-48d7-92a5-3dc65a06623c" lid="urn:uuid:a8d54e1b-e040-42aa-a918-97932d08753e" objectType="urn:oasis:names:tc:ebxml-regrep:ObjectType:RegistryObject:Association" associationType="urn:oasis:names:tc:ebxml-regrep:AssociationType:HasMember" sourceObject="SubmissionSet" targetObject="18c8c10f-fc57-4360-b964-9d40b11c2d53">
      <Slot name="SubmissionSetStatus">
        <ValueList>
          <Value>Original</Value>
        </ValueList>
      </Slot>
    </Association>
    <ObjectRef id="urn:uuid:7edca82f-054d-47f2-a032-9b2a5b5186c1" />
    <ObjectRef id="urn:uuid:58a6f841-87b3-4a3e-92fd-a8ffeff98427" />
    <ObjectRef id="urn:uuid:2e82c1f6-a085-4c72-9da3-8640a32e42ab" />
    <ObjectRef id="urn:uuid:41a5887f-8865-4c09-adf7-e362475b143a" />
    <ObjectRef id="urn:uuid:f4f85eac-e6cb-4883-b524-f2705394840f" />
    <ObjectRef id="urn:uuid:a09d5840-386c-46f2-b5ad-9c3699a4309d" />
    <ObjectRef id="urn:uuid:f33fb8ac-18af-42cc-ae0e-ed0b0bdb91e1" />
    <ObjectRef id="urn:uuid:cccf5598-8b07-4b77-a05e-ae952c785ead" />
    <ObjectRef id="urn:uuid:f0306f51-975f-434e-a61c-c59651d33983" />
    <ObjectRef id="urn:uuid:6b5aea1a-874d-4603-a4bc-96a0a7b38446" />
    <ObjectRef id="urn:uuid:554ac39e-e3fe-47fe-b233-965d2a147832" />
    <ObjectRef id="urn:uuid:96fdda7c-d067-4183-912e-bf5ee74998a8" />
    <ObjectRef id="urn:uuid:aa543740-bdda-424e-8c96-df4873be8500" />
    <ObjectRef id="urn:uuid:a54d6aa5-d40d-43f9-88c5-b4633d873bdd" />
  </RegistryObjectList>
</SubmitObjectsRequest>